{"cameraMode":{"drawMode":0,"name":"Shaded","section":"Shading Mode"},"sceneLighting":true,"audioPlay":false,"sceneViewState":{"showFog":true,"showMaterialUpdate":false,"showSkybox":true,"showFlares":true,"showImageEffects":true,"showParticleSystems":true},"in2DMode":false,"pivot":{"x":-0.18087244033813477,"y":-0.3884209394454956,"z":25.099411010742189},"rotation":{"x":0.04135344177484512,"y":-0.8110703229904175,"z":0.05776617303490639,"w":0.5806186199188232},"size":6.471237659454346,"orthographic":true}